{"paths":{},"types":[],"uuids":["c2EHy+r7BJoLkotVPWTASE","801lzXhMNC3qB9o3RkV4tF","e3KuC0KwNHZKaKxJ38Bv7o","71VhFCTINJM6/Ky3oX9nBT","b4P/PCArtIdIH38t6mlw8Y","e8Ueib+qJEhL6mXAHdnwbi","52RPD3VcxNrK/FhISDyM8s","f1GfPD6fFGZIMlTfGyk8zE","8bKxvJXQpMx5bpFqxFm2py","d6a2cAULtPW513MNFYtqn3","56fc2Ai/RFNYpaMT8crweK","ecpdLyjvZBwrvm+cedCcQy","f0BIwQ8D5Ml7nTNQbh1YlS","e97GVMl6JHh5Ml5qEDdSGa","29FYIk+N1GYaeWH/q1NxQO","a2MjXRFdtLlYQ5ouAFv/+R","958MCRKntK/IFczg1HSz07","f2KpHfM3tDz5alrNkVCBCk","68LJdwmX5FgYApHpNaZ0nk","b08e+QA+VHKaAX0nZNH/nT","52oBXutWhJbblkquJSpF7R","41s7tVjCJJ67ncXjveY5qk","03kcTB3mREsYNGbjJCkwSD","f17xHyfcJP/pYxgONQaelr","4fk1EEF/BMvofRpIgt72+l","d3lz68A31JH52Ki+pOpAUX","54kjwJ4NlHRLL5QvK4xFu+","eb7K9nWUdN0aoUGA70Trq6","31xBA2Y4dJgben4x7dxBJ5","86hfY0uKZFiqeIRiihLRCI","2aRWIsRdlAkYHk/+4+IjBM","9bZTojOnpHdI01B2eOmEHs","d1sXganMVAcYaxnut/dOBC","74o+/LXsJPb5ON9l6sBF6z","0ezlw+NDhKG43gR03fLFk2","02delMVqdBD70a/HSD99FK"],"scenes":{"db://assets/scene/game.fire":0},"redirect":[11,0,26,1,27,1,28,1,29,1,30,1,31,1,32,1,35,0],"deps":["internal","resources"],"packs":{"018824d85":[22,34,14,21,24,20,18,33,1,16,15,19,0,25,2,13,12,23,17],"0cbc1d3a1":[6,10,3,8,4,9,5,7]},"name":"main","importBase":"import","nativeBase":"native","debug":false,"isZip":false,"encrypted":false,"versions":{"import":["018824d85","1f6ff","0cbc1d3a1","fc990"],"native":[6,"f5a6d",10,"5f1d9",3,"c06a9",1,"b2369",8,"7a5b2",4,"83fcc",9,"cb012",2,"04daa",5,"90cf4",7,"64a12"]}}