{"paths":{"0":["block/1",0],"1":["block/2",0],"2":["block/3",0],"3":["block/4",0],"4":["block/5",0],"5":["block/6",0],"6":["block/7",0],"7":["block/1",1,1],"8":["block/2",1,1],"9":["block/3",1,1],"10":["block/4",1,1],"11":["block/5",1,1],"12":["block/6",1,1],"13":["block/7",1,1]},"types":["cc.Texture2D","cc.SpriteFrame"],"uuids":["23O+/Q581No6j9Kd/c0axd","51mIkiJ/hDuYAT6GLVAfk0","88vSnbq/RCFLDNX0rLtU/F","6ejVqT/pZPNLEODEscYnGh","4fgu1MJpZI6L8SoE0Qktyh","eaRxDuiJpIaJEboZ2DU7QJ","ddcZB8keBCF5Sc3XIj6DOD","54kjwJ4NlHRLL5QvK4xFu+","eb7K9nWUdN0aoUGA70Trq6","31xBA2Y4dJgben4x7dxBJ5","86hfY0uKZFiqeIRiihLRCI","2aRWIsRdlAkYHk/+4+IjBM","9bZTojOnpHdI01B2eOmEHs","d1sXganMVAcYaxnut/dOBC"],"scenes":{},"redirect":[],"deps":[],"packs":{"098e8a7ca":[0,4,1,3,2,6,5]},"name":"resources","importBase":"import","nativeBase":"native","debug":false,"isZip":false,"encrypted":false,"versions":{"import":["098e8a7ca","a5a37",11,"70b6e",9,"67593",7,"41804",10,"78f6b",12,"e77c7",13,"16651",8,"07a35"],"native":[0,"8a5ff",4,"d12b0",1,"24b8f",3,"fa3d2",2,"e489c",6,"b4660",5,"8f3ef"]}}