[1,["ecpdLyjvZBwrvm+cedCcQy","f0BIwQ8D5Ml7nTNQbh1YlS","68LJdwmX5FgYApHpNaZ0nk","e97GVMl6JHh5Ml5qEDdSGa","29FYIk+N1GYaeWH/q1NxQO","41s7tVjCJJ67ncXjveY5qk","f2KpHfM3tDz5alrNkVCBCk","a2MjXRFdtLlYQ5ouAFv/+R","958MCRKntK/IFczg1HSz07","52oBXutWhJbblkquJSpF7R","03kcTB3mREsYNGbjJCkwSD","f17xHyfcJP/pYxgONQaelr","4fk1EEF/BMvofRpIgt72+l","d3lz68A31JH52Ki+pOpAUX","71VhFCTINJM6/Ky3oX9nBT","d6a2cAULtPW513MNFYtqn3","56fc2Ai/RFNYpaMT8crweK","52RPD3VcxNrK/FhISDyM8s","02delMVqdBD70a/HSD99FK","8bKxvJXQpMx5bpFqxFm2py","b08e+QA+VHKaAX0nZNH/nT","54kjwJ4NlHRLL5QvK4xFu+","eb7K9nWUdN0aoUGA70Trq6","31xBA2Y4dJgben4x7dxBJ5","86hfY0uKZFiqeIRiihLRCI","2aRWIsRdlAkYHk/+4+IjBM","9bZTojOnpHdI01B2eOmEHs","d1sXganMVAcYaxnut/dOBC","74o+/LXsJPb5ON9l6sBF6z","0ezlw+NDhKG43gR03fLFk2","801lzXhMNC3qB9o3RkV4tF","e3KuC0KwNHZKaKxJ38Bv7o","b4P/PCArtIdIH38t6mlw8Y","e8Ueib+qJEhL6mXAHdnwbi","f1GfPD6fFGZIMlTfGyk8zE"],["node","_spriteFrame","_defaultClip","_textureSetter","root","_parent","_N$normalSprite","_N$pressedSprite","_N$hoverSprite","_N$disabledSprite","data","_texture","gameOverScore","gameOver","scoreLabel","ctrlBlockArea","blockBox","scene","block1","block2","block3","block4","block5","block6","block7","motionPrefal","boomPrefal","audioClip","boomAudioClip"],[["cc.Node",["_name","_active","_opacity","_objFlags","_id","_components","_contentSize","_parent","_prefab","_children","_trs","_color"],-2,9,5,1,4,2,7,5],"cc.SpriteFrame",["cc.Sprite",["_sizeMode","_type","node","_materials","_spriteFrame"],1,1,3,6],["cc.PrefabInfo",["fileId","root","asset"],2,1,1],["cc.Widget",["_alignFlags","_originalWidth","_originalHeight","alignMode","node"],-1,1],["cc.Label",["_string","_N$horizontalAlign","_N$verticalAlign","_fontSize","_enableWrapText","_N$overflow","_N$cacheMode","_lineHeight","node","_materials"],-5,1,3],["cc.AnimationClip",["_name","_duration","curveData"],1,11],["cc.Prefab",["_name"],2],["cc.Node",["_name","_parent","_components","_color","_contentSize","_trs"],2,1,2,5,5,7],["cc.Animation",["node","_clips","_defaultClip"],3,1,3,6],["cc.MotionStreak",["_fadeTime","_stroke","node","_materials","_texture"],1,1,3,6],["cc.AudioClip",["_name","_native","duration"],0],["cc.SceneAsset",["_name","asyncLoadAssets"],1],["dbfedUGnuxAXpHvUgWQnd9S",["node","blockBox","ctrlBlockArea","scoreLabel","gameOver","gameOverScore","block1","block2","block3","block4","block5","block6","block7","motionPrefal","boomPrefal","audioClip","boomAudioClip"],3,1,1,1,1,1,1,6,6,6,6,6,6,6,6,6,6,6],["cc.Canvas",["node","_designResolution"],3,1,5],["cc.Button",["_N$transition","node","clickEvents","_N$normalColor","_N$pressedColor","_N$disabledColor","_N$target","_N$normalSprite","_N$pressedSprite","_N$hoverSprite","_N$disabledSprite"],2,1,9,5,5,5,1,6,6,6,6],["cc.ClickEvent",["_componentId","handler","target"],1,1],["cc.Scene",["_name","_children","_anchorPoint","_trs"],2,2,5,7],["cc.Camera",["_clearFlags","_depth","node"],1,1]],[[2,0,2,3,4,2],[9,0,1,2,1],[6,0,1,2,3],[3,0,1,2],[0,0,2,7,5,8,11,6,3],[0,0,3,9,5,6,3],[0,0,3,7,5,11,6,3],[2,1,0,2,3,4,3],[2,2,3,4,1],[4,3,0,1,2,4,5],[15,0,1,2,3,4,5,6,7,8,9,10,2],[16,0,1,2,3],[5,0,3,4,1,2,5,6,8,9,8],[0,0,7,9,5,6,10,2],[3,1,1],[7,0,2],[0,0,7,5,6,2],[0,0,7,2],[8,0,1,2,3,4,5,2],[3,1,2,1],[11,0,1,2,4],[4,0,1,2,4,4],[0,0,5,8,11,6,10,2],[0,0,5,8,6,2],[0,0,9,5,6,2],[0,0,1,2,7,9,8,4],[0,0,7,9,5,11,6,2],[0,0,4,9,5,6,10,3],[0,0,1,2,7,5,8,6,10,4],[0,0,7,5,8,11,6,10,2],[0,0,1,7,5,8,6,3],[0,0,1,7,9,5,6,10,3],[10,0,1,2,3,4,3],[12,0,1,3],[4,0,4,2],[13,0,1,2,3,4,5,6,7,8,9,10,11,12,13,14,15,16,1],[14,0,1,1],[17,0,1,2,3,2],[18,0,1,2,3],[5,0,1,2,8,9,4],[5,0,3,7,1,2,8,9,6]],[[[[2,"boomDoc",0.6666666666666666,[{},"props",11,[{"opacity":[{"frame":0,"value":255},{"frame":0.4166666666666667,"value":255},{"frame":0.6666666666666666,"value":1}],"position":[{"frame":0,"value":[0,0,0]},{"frame":0.6666666666666666,"value":[-30.456,138.745,0]}]},"scale",12,[[[{"frame":0.5},"value",8,[0,1,1]],[{"frame":0.6666666666666666},"value",8,[0,0,0]]],11,11]]]]],0,0,[],[],[]],[[[15,"boom"],[22,"boom",[[0,0,-2,[0],1],[1,-3,[3],2]],[19,-1,0],[4,4278190335],[5,200,200],[0,0,0,0,0,0,1,0,0,1]]],0,[0,4,1,0,0,1,0,0,1,0,10,1,3],[0,0,0,0],[-1,1,2,-1],[0,6,2,2]],[[{"name":"default_btn_disabled","rect":[0,0,40,40],"offset":[0,0],"originalSize":[40,40],"capInsets":[12,12,12,12]}],[1],0,[0],[3],[14]],[[{"name":"boomDoc","rect":[0,0,27,27],"offset":[0,0],"originalSize":[27,27],"capInsets":[0,0,0,0]}],[1],0,[0],[3],[15]],[[[2,"boomDoc - 002",0.6666666666666666,[{},"props",11,[{"opacity":[{"frame":0.4166666666666667,"value":255},{"frame":0.6666666666666666,"value":0}],"position":[{"frame":0,"value":[0,0,0]},{"frame":0.6666666666666666,"value":[103.213,47.376,0]}]},"scale",12,[[[{"frame":0.5},"value",8,[0,1,1]],[{"frame":0.6666666666666666},"value",8,[0,0,0]]],11,11]]]]],0,0,[],[],[]],[[[2,"boomCircle",0.6666666666666666,[{"comps":{"cc.Sprite":{"spriteFrame":[]}}},"props",11,[{"opacity":[{"frame":0,"value":0},{"frame":0.3333333333333333,"value":255},{"frame":0.6666666666666666,"value":0}]},"scale",12,[[[{"frame":0},"value",8,[0,0,0]],[{"frame":0.6666666666666666},"value",8,[0,1,1]]],11,11]]]]],0,0,[],[],[]],[[[2,"boom",0.6666666666666666,[{"comps":{"cc.Sprite":{"spriteFrame":[]}}},"props",11,[{"opacity":[{"frame":0,"value":0,"curve":"quartOut"},{"frame":0.3333333333333333,"value":255,"curve":"cubicIn"},{"frame":0.6666666666666666,"value":0}]},"scale",12,[[[{"frame":0,"curve":[0.18,0.89,0.31,1.21]},"value",8,[0,0,0]],[{"frame":0.3333333333333333},"value",8,[0,1,1]]],11,11]]]]],0,0,[],[],[]],[[[15,"motion"],[23,"motion",[[32,0.3,40,-2,[0],1]],[19,-1,0],[5,100,100]]],0,[0,4,1,0,0,1,0,10,1,2],[0,0],[-1,11],[0,16]],[[[20,"Popping",".mp3",0.391837],-1],0,0,[],[],[]],[[{"name":"circle","rect":[2,2,569,569],"offset":[0.5,-1],"originalSize":[572,571],"capInsets":[0,0,0,0]}],[1],0,[0],[3],[17]],[[{"name":"default_sprite_splash","rect":[0,0,2,2],"offset":[0,0],"originalSize":[2,2],"capInsets":[0,0,0,0]}],[1],0,[0],[3],[18]],[[{"name":"boomC","rect":[5,6,313,317],"offset":[-2,-2.5],"originalSize":[327,324],"capInsets":[0,0,0,0]}],[1],0,[0],[3],[19]],[[[33,"game",null],[24,"bg",[-9,-10,-11,-12,-13,-14,-15,-16,-17,-18],[[0,0,-1,[64],65],[21,45,100,100,-2],[35,-8,-7,-6,-5,-4,-3,66,67,68,69,70,71,72,73,74,75,76]],[5,720,1200]],[25,"boomNode",false,0,1,[-20,-21,-22,-23,-24,-25],[14,-19]],[26,"gameOver",1,[-28,-29,-30],[[0,0,-26,[22],23],[21,45,100,100,-27]],[4,4285818647],[5,720,1200]],[27,"Canvas","a5esZu+45LA5mBpvttspPD",[-33,1],[[36,-31,[5,720,1200]],[34,45,-32]],[5,720,1200],[360,600,0,0,0,0,1,1,1,1]],[5,"Background",512,[-36],[[7,1,0,-34,[1],2],[9,0,45,100,40,-35]],[5,100,40]],[5,"Background",512,[-39],[[7,1,0,-37,[8],9],[9,0,45,100,40,-38]],[5,100,40]],[5,"Background",512,[-42],[[7,1,0,-40,[16],17],[9,0,45,100,40,-41]],[5,100,40]],[5,"Background",512,[-45],[[7,1,0,-43,[30],31],[9,0,45,100,40,-44]],[5,100,40]],[28,"boom",false,153,1,[[0,0,-47,[36],37],[1,-48,[39],38]],[14,-46],[5,200,200],[0,0,0,0,0,0,1,0,0,1]],[29,"boom",2,[[0,0,-50,[40],41],[1,-51,[43],42]],[3,"04NnuaBrxM8pb1y8TvQkEE",-49],[4,4278190335],[5,200,200],[0,0,0,0,0,0,1,0,0,1]],[13,"startButton",1,[5],[[10,2,-52,[[11,"dbfedUGnuxAXpHvUgWQnd9S","clickStart",1]],[4,4293322470],[4,4291348680],[4,3363338360],5,3,4,5,6]],[5,100,40],[152.425,360.634,0,0,0,0,1,1,1,1]],[13,"startButton",3,[6],[[10,2,-53,[[11,"dbfedUGnuxAXpHvUgWQnd9S","clickStart",1]],[4,4293322470],[4,4291348680],[4,3363338360],6,10,11,12,13]],[5,100,40],[-121.94,-304.493,0,0,0,0,1,1,1,1]],[13,"fuhuoButton",3,[7],[[10,2,-54,[[11,"dbfedUGnuxAXpHvUgWQnd9S","clickFuhuo",1]],[4,4293322470],[4,4291348680],[4,3363338360],7,18,19,20,21]],[5,100,40],[169.053,-304.493,0,0,0,0,1,1,1,1]],[30,"circle",false,1,[[0,0,-56,[27],28]],[14,-55],[5,500,500]],[31,"testButton",false,1,[8],[[10,2,-57,[[11,"dbfedUGnuxAXpHvUgWQnd9S","testClick",1]],[4,4293322470],[4,4291348680],[4,3363338360],8,32,33,34,35]],[5,100,40],[220.53,-352.189,0,0,0,0,1,1,1,1]],[4,"circle",169.065,2,[[0,0,-58,[44],45],[1,-59,[47],46]],[3,"95fMHXEIBPva3e4Wisy3ez",2],[4,4278321916],[5,300,300]],[4,"doc",169.065,2,[[8,-60,[48],49],[1,-61,[51],50]],[3,"12Ucqvs3pCrLMCWXSAo2AQ",2],[4,4278321916],[5,27,27]],[4,"doc",169.065,2,[[8,-62,[52],53],[1,-63,[55],54]],[3,"94wet9MDhMIY61eeAqWLsx",2],[4,4278321916],[5,27,27]],[4,"doc",169.065,2,[[8,-64,[56],57],[1,-65,[59],58]],[3,"82zsASq/JCeY0eqVMgCST6",2],[4,4278321916],[5,27,27]],[4,"doc",169.065,2,[[8,-66,[60],61],[1,-67,[63],62]],[3,"20uSJRHUJO8JiktW+0ZpCC",2],[4,4278321916],[5,27,27]],[37,"New Node",[4],[0,0,0],[0,0,0,0,0,0,1,1,1,1]],[16,"Main Camera",4,[[38,7,-1,-68]],[5,960,640]],[6,"Label",512,5,[[12,"start",20,false,1,1,1,1,-69,[0]]],[4,4278190080],[5,100,40]],[6,"Label",512,6,[[12,"start",20,false,1,1,1,1,-70,[7]]],[4,4278190080],[5,100,40]],[18,"scoreLabel",3,[-71],[4,4279242998],[5,22.25,50.4],[2.771,13.857,0,0,0,0,1,1,1,1]],[39,"0",1,1,25,[14]],[6,"Label",512,7,[[12,"fuhuo",20,false,1,1,1,1,-72,[15]]],[4,4278190080],[5,100,40]],[18,"score",1,[-73],[4,4278190332],[5,55.62,126],[3.887,404.271,0,0,0,0,1,1,1,1]],[40,"0",100,100,1,1,28,[24]],[16,"circle",1,[[0,0,-74,[25],26]],[5,500,500]],[17,"blockBox",1],[17,"ctrlBlockArea",1],[6,"Label",512,8,[[12,"button",20,false,1,1,1,1,-75,[29]]],[4,4278190080],[5,100,40]]],0,[0,0,1,0,0,1,0,12,26,0,13,3,0,14,29,0,15,32,0,16,31,0,0,1,0,-1,11,0,-2,3,0,-3,28,0,-4,30,0,-5,14,0,-6,31,0,-7,32,0,-8,15,0,-9,9,0,-10,2,0,4,2,0,-1,10,0,-2,16,0,-3,17,0,-4,18,0,-5,19,0,-6,20,0,0,3,0,0,3,0,-1,12,0,-2,25,0,-3,13,0,0,4,0,0,4,0,-1,22,0,0,5,0,0,5,0,-1,23,0,0,6,0,0,6,0,-1,24,0,0,7,0,0,7,0,-1,27,0,0,8,0,0,8,0,-1,33,0,4,9,0,0,9,0,0,9,0,4,10,0,0,10,0,0,10,0,0,11,0,0,12,0,0,13,0,4,14,0,0,14,0,0,15,0,0,16,0,0,16,0,0,17,0,0,17,0,0,18,0,0,18,0,0,19,0,0,19,0,0,20,0,0,20,0,0,22,0,0,23,0,0,24,0,-1,26,0,0,27,0,-1,29,0,0,30,0,0,33,0,17,21,1,5,4,4,5,21,5,5,11,6,5,12,7,5,13,8,5,15,75],[0,0,0,0,0,0,0,0,0,0,0,0,0,0,0,0,0,0,0,0,0,0,0,0,0,0,0,0,0,0,0,0,0,0,0,0,0,0,0,0,0,0,0,0,0,0,0,0,0,0,0,0,0,0,0,0,0,0,0,0,0,0,0,0,0,0,0,0,0,0,0,0,0,0,0,0,0],[-1,-1,1,6,7,8,9,-1,-1,1,6,7,8,9,-1,-1,-1,1,6,7,8,9,-1,1,-1,-1,1,-1,1,-1,-1,1,6,7,8,9,-1,1,2,-1,-1,1,2,-1,-1,1,2,-1,-1,1,2,-1,-1,1,2,-1,-1,1,2,-1,-1,1,2,-1,-1,1,18,19,20,21,22,23,24,25,26,27,28],[0,0,1,1,3,1,4,0,0,1,1,3,1,4,0,0,0,1,1,3,1,4,0,7,0,0,8,0,8,0,0,1,1,3,1,4,0,6,2,2,0,6,2,2,0,20,9,9,0,5,10,10,0,5,11,11,0,5,12,12,0,5,13,13,0,7,21,22,23,24,25,26,27,28,29,30,31]],[[[2,"boomDoc - 003",0.6666666666666666,[{},"props",11,[{"opacity":[{"frame":0.4166666666666667,"value":255},{"frame":0.6666666666666666,"value":0}],"position":[{"frame":0,"value":[0,0,0]},{"frame":0.6666666666666666,"value":[-27.072,-104.905,0]}]},"scale",12,[[[{"frame":0.5},"value",8,[0,1,1]],[{"frame":0.6666666666666666},"value",8,[0,0,0]]],11,11]]]]],0,0,[],[],[]],[[[20,"peng01",".mp3",0.731429],-1],0,0,[],[],[]],[[{"name":"default_btn_pressed","rect":[0,0,40,40],"offset":[0,0],"originalSize":[40,40],"capInsets":[12,12,12,12]}],[1],0,[0],[3],[32]],[[{"name":"default_btn_normal","rect":[0,0,40,40],"offset":[0,0],"originalSize":[40,40],"capInsets":[12,12,12,12]}],[1],0,[0],[3],[33]],[[[2,"boomDoc - 001",0.6666666666666666,[{},"props",11,[{"opacity":[{"frame":0,"value":255},{"frame":0.4166666666666667,"value":255},{"frame":0.6666666666666666,"value":1}],"position":[{"frame":0,"value":[0,0,0]},{"frame":0.6666666666666666,"value":[-99.828,-23.688,0]}]},"scale",12,[[[{"frame":0.5},"value",8,[0,1,1]],[{"frame":0.6666666666666666},"value",8,[0,0,0]]],11,11]]]]],0,0,[],[],[]],[[{"name":"boom","rect":[2,2,322,319],"offset":[1,-1],"originalSize":[324,321],"capInsets":[0,0,0,0]}],[1],0,[0],[3],[34]]]]