{"paths":{"0":["effects/builtin-2d-graphics",0],"1":["effects/builtin-2d-gray-sprite",0],"2":["effects/builtin-2d-label",0],"3":["effects/builtin-2d-spine",0],"4":["effects/builtin-2d-sprite",0],"5":["effects/builtin-3d-particle",0],"6":["effects/builtin-3d-trail",0],"7":["effects/builtin-clear-stencil",0],"8":["effects/builtin-unlit",0],"9":["materials/builtin-2d-base",1],"10":["materials/builtin-2d-graphics",1],"11":["materials/builtin-2d-gray-sprite",1],"12":["materials/builtin-2d-label",1],"13":["materials/builtin-2d-spine",1],"14":["materials/builtin-2d-sprite",1],"15":["materials/builtin-3d-particle",1],"16":["materials/builtin-3d-trail",1],"17":["materials/builtin-clear-stencil",1],"18":["materials/builtin-unlit",1]},"types":["cc.EffectAsset","cc.Material"],"uuids":["30aC+Hnw1PF4pEcoY3kUYb","14TDKXr2NJ6LjvHPops74o","f1h0LXVtJOta5JLZ1xCzfI","0ek66qC1NOQLjgYmi04HvX","28dPjdQWxEQIG3VVl1Qm6T","82migssElAGb04Ws6NimQX","2afAA24LNP4YmYiaVLiivs","c0BAyVxX9JzZy8EjFrc9DU","6dkeWRTOBGXICfYQ7JUBnG","6fgBCSDDdPMInvyNlggls2","a1U5RdJRFMFL57BdJC9H1X","3ae7efMv1CLq2ilvUY/tQi","e0LYfU5ZlNFoAB4UiRrGUG","7a/QZLET9IDreTiBfRn2PD","ecpdLyjvZBwrvm+cedCcQy","43L6CczwNM/6GGmCYEQIoH","46bU+b5fROqIXVPG6aZWWK","cffgu4qBxEqa150o1DmRAy","2aKWBXJHxKHLvrBUi2yYZQ","60AwGqM1dKELCGhPAR+jK6","02delMVqdBD70a/HSD99FK"],"scenes":{},"redirect":[],"deps":[],"packs":{"0b6c4470e":[20,3,1,4,18,6,0,11,15,16,19,8,9,13,5,10,7,17,12,14,2]},"name":"internal","importBase":"import","nativeBase":"native","debug":false,"isZip":false,"encrypted":false,"versions":{"import":["0b6c4470e","f9695"],"native":[20,"cea68",19,"c3a3a"]}}